outlet_domain,outlet_name,outlet_code,outlet_type,rows
24h.com.vn,24h,TFH,commercial/general,19
cafef.vn,cafef,CFE,commercial/general,64
dantri.com.vn,dantri,DTR,commercial/general,88
kenh14.vn,kenh14,KEN,commercial/general,53
thanhnien.vn,thanhnien,TNI,commercial/general,125
tuoitre.vn,tuoitre,TTO,commercial/general,131
vnexpress.net,vnexpress,VNE,commercial/general,78
vtcnews.vn,vtcnews,VTC,commercial/general,22
znews.vn,znews,ZNW,commercial/general,9
baochinhphu.vn,baochinhphu,BCP,public/central,36
giaoducthoidai.vn,giaoducvathoidai,GDT,public/central,37
giaoduc.net.vn,giaoducvietnam,GDN,public/central,118
laodong.vn,laodong,LDG,public/central,56
nhandan.vn,nhandan,NHD,public/central,66
qdnd.vn,quandoinhandan,QDN,public/central,22
tiasang.com.vn,tiasang,TSG,public/central,8
vietnamnet.vn,vietnamnet,VNN,public/central,58
vietnamplus.vn,vietnamplus,VNP,public/central,18
vov.vn,vov,VOV,public/central,37
vtv.vn,vtv,VTV,public/central,37
