article_id,extraction_id,field,old_value,new_value,canonical_raw_evidence,reason,scope
LDG21_001,DOC_0052,speaker__learners,1,0,"Giáo sư Tang Jie (phó giám đốc Học viện BAAI, giáo sư Khoa Khoa học Máy tính và Công nghệ tại Đại học Thanh Hoa)","An academy/institute (học viện) is an institutional affiliation, not a learner (học viên). No learner speaker is identified in this raw field.",Same-field code correction only; upstream extraction unchanged
GDN24_002,DOC_0298,speaker__learners,1,0,Bộ trưởng Bộ Thông tin và Truyền thông Nguyễn Mạnh Hùng; GS.TS. Từ Minh Phương (Chủ tịch Hội đồng Học viện); PGS.TS. Phạm Văn Cường (Trưởng khoa AI),"An academy/institute (học viện) is an institutional affiliation, not a learner (học viên). No learner speaker is identified in this raw field.",Same-field code correction only; upstream extraction unchanged
VNE25_004,DOC_0434,speaker__learners,1,0,đại diện Học viện Hàng không Việt Nam,"An academy/institute (học viện) is an institutional affiliation, not a learner (học viên). No learner speaker is identified in this raw field.",Same-field code correction only; upstream extraction unchanged
TNI25_005,DOC_0448,speaker__learners,1,0,"Đại học Duy Tân, Học viện Alibaba Cloud","An academy/institute (học viện) is an institutional affiliation, not a learner (học viên). No learner speaker is identified in this raw field.",Same-field code correction only; upstream extraction unchanged
DTR25_003,DOC_0497,speaker__learners,1,0,"Thầy Đinh Ngọc Sơn (Bí thư Chi bộ khu dân cư số 9, nguyên Phó Trưởng khoa Phát thanh - Truyền hình, Học viện Báo chí và Tuyên truyền)","An academy/institute (học viện) is an institutional affiliation, not a learner (học viên). No learner speaker is identified in this raw field.",Same-field code correction only; upstream extraction unchanged
GDN25_019,DOC_0619,speaker__learners,1,0,"Đại tá, Tiến sĩ Lê Công Thành - Phó Giám đốc Học viện Phòng không - Không quân và các đại biểu tham dự hội thảo","An academy/institute (học viện) is an institutional affiliation, not a learner (học viên). No learner speaker is identified in this raw field.",Same-field code correction only; upstream extraction unchanged
NHD25_019,DOC_0663,speaker__learners,1,0,"Bộ Chính trị, Thủ tướng Phạm Minh Chính, Tiến sĩ Đỗ Viết Tuân (Phụ trách Khoa Công nghệ thông tin và Truyền thông, Học viện Quản lý giáo dục), Nguyễn Sỹ Nam (Giám đốc Trung tâm nghiên cứu, Chuyển giao công nghệ số, Viện Nghiên cứu thiết kế trường học, Bộ Giáo dục và Đào tạo), Đại biểu Quốc hội Châu Quỳnh Dao (đoàn An Giang)","An academy/institute (học viện) is an institutional affiliation, not a learner (học viên). No learner speaker is identified in this raw field.",Same-field code correction only; upstream extraction unchanged
GDN25_041,DOC_0731,speaker__learners,1,0,Thạc sỹ Lê Anh Tiến (CEO Công ty Cổ phần Công nghệ Chatbot Việt Nam) và ông Hồ Đức Dũng (Nhà sáng lập Học viện Ứng dụng AI),"An academy/institute (học viện) is an institutional affiliation, not a learner (học viên). No learner speaker is identified in this raw field.",Same-field code correction only; upstream extraction unchanged
NHD26_020,DOC_0991,speaker__learners,1,0,"Thiếu tướng Phạm Đức Tiếp, Phó Giám đốc Học viện Quân y","An academy/institute (học viện) is an institutional affiliation, not a learner (học viên). No learner speaker is identified in this raw field.",Same-field code correction only; upstream extraction unchanged
QDN26_004,DOC_0992,speaker__learners,1,0,"Thiếu tướng Phạm Đức Tiếp, Phó giám đốc Học viện Quân y","An academy/institute (học viện) is an institutional affiliation, not a learner (học viên). No learner speaker is identified in this raw field.",Same-field code correction only; upstream extraction unchanged
VNN23_003,DOC_0158,speaker__learners,1,0,"Bà Bùi Hải Lý, Trưởng phòng Phát triển cộng đồng sinh viên FUNiX","Learners are mentioned in an office, project or organizational remit; the identified speaker is staff/expert/leadership, not a learner.",Same-field code correction only; upstream extraction unchanged
TTO25_000,DOC_0399,speaker__learners,1,0,Bà Nguyễn Mến (chủ tịch Tập đoàn GBM) và ông Nguyễn Tuấn Anh (trưởng ban sinh viên báo Tiền Phong),"Learners are mentioned in an office, project or organizational remit; the identified speaker is staff/expert/leadership, not a learner.",Same-field code correction only; upstream extraction unchanged
GDN25_010,DOC_0561,speaker__learners,1,0,"Giáo sư, Tiến sĩ khoa học Nguyễn Đình Đức (Chủ tịch hội đồng Giáo sư cơ sở năm 2025 của Trường Đại học Công nghệ, Đại học Quốc gia Hà Nội); Phó Giáo sư, Tiến sĩ Nguyễn Anh Tuấn (Trưởng ban Ban Đào tạo và Công tác sinh viên, Đại học Quốc gia Hà Nội); Tổng Bí thư Tô Lâm","Learners are mentioned in an office, project or organizational remit; the identified speaker is staff/expert/leadership, not a learner.",Same-field code correction only; upstream extraction unchanged
TTO25_029,DOC_0607,speaker__learners,1,0,Thạc sĩ Nguyễn Minh Tùng - Trưởng phòng Tuyển sinh và Công tác sinh viên của học viện,"Learners are mentioned in an office, project or organizational remit; the identified speaker is staff/expert/leadership, not a learner.",Same-field code correction only; upstream extraction unchanged
LDG25_012,DOC_0646,speaker__learners,1,0,"ông Nguyễn Phong Anh - chuyên gia đào tạo AI, Dự án Nâng cao năng lực trí tuệ nhân tạo sinh cho giảng viên và sinh viên META - VNU","Learners are mentioned in an office, project or organizational remit; the identified speaker is staff/expert/leadership, not a learner.",Same-field code correction only; upstream extraction unchanged
VNP26_001,DOC_0837,speaker__learners,1,0,"Bộ Giáo dục Trung Quốc, Nghiên cứu viên Sun Hongyan (Trung tâm Nghiên cứu Thanh thiếu niên và Nhi đồng Trung Quốc)","The raw speaker field identifies officials, a director, researchers or online commenters, without identifying a learner speaker. Do not import learner identity from title or other fields.",Same-field code correction only; upstream extraction unchanged
NHD26_016,DOC_0931,speaker__learners,1,0,"Bà Marie-Caroline Missir, Giám đốc tổ chức nghiên cứu giáo dục và thanh thiếu niên Vers le Haut","The raw speaker field identifies officials, a director, researchers or online commenters, without identifying a learner speaker. Do not import learner identity from title or other fields.",Same-field code correction only; upstream extraction unchanged
KEN26_005,DOC_0852,speaker__learners,1,0,Nhiều người trên mạng xã hội và các nhà khoa học,"The raw speaker field identifies officials, a director, researchers or online commenters, without identifying a learner speaker. Do not import learner identity from title or other fields.",Same-field code correction only; upstream extraction unchanged
TNI23_003,DOC_0098,speaker__learners,0,1,"Nguyễn Thị Ánh Tuyết, SV Trường ĐH Minerva (Mỹ)",SV is the abbreviation for sinh viên; Nguyễn Thị Ánh Tuyết is explicitly identified as a Minerva student in the speaker field.,Same-field code correction only; upstream extraction unchanged
CFE23_002,DOC_0126,speaker__families,1,0,công ty TNHH Công nghệ Gia đình (FTech),Công nghệ Gia đình is the company name FTech; it does not identify a family/parent speaker.,Same-field code correction only; upstream extraction unchanged
LDG24_003,DOC_0314,speaker__families,1,0,"ThS Phạm Thái Sơn (Giám đốc Trung tâm Tuyển sinh và Truyền thông Trường Đại học Công Thương TPHCM) và TS Lê Mạnh Hải (Trưởng khoa Khoa Công nghệ thông tin, Trường Đại học Gia Định)",Gia Định is the university name; no parent or family speaker is identified in this raw field.,Same-field code correction only; upstream extraction unchanged
VOV24_003,DOC_0324,speaker__families,1,0,"TS Lê Mạnh Hải (Trưởng khoa Khoa Công nghệ thông tin, trường Đại học Gia Định), PGS.TS Nguyễn Trường Thịnh (Viện trưởng Viện công nghệ thông minh và tương tác thuộc Đại học Kinh tế TP.HCM), và tác giả bài viết",Gia Định is the university name; no parent or family speaker is identified in this raw field.,Same-field code correction only; upstream extraction unchanged
LDG24_005,DOC_0372,speaker__families,1,0,"TS Lê Mạnh Hải (Trưởng khoa Khoa Công nghệ thông tin, Trường Đại học Gia Định) và các sinh viên (Đinh Nguyễn Thùy Dương, Nguyễn Thị Thúy Vy)",Gia Định is the university name; no parent or family speaker is identified in this raw field.,Same-field code correction only; upstream extraction unchanged
GDN25_013,DOC_0581,speaker__families,1,0,"Tiến sĩ Nguyễn Văn Mùi (Trưởng khoa Công nghệ thông tin, Trường Đại học Gia Định), các chuyên gia giáo dục, Diễn đàn Kinh tế Thế giới (WEF)",Gia Định is the university name; no parent or family speaker is identified in this raw field.,Same-field code correction only; upstream extraction unchanged
LDG21_001,DOC_0052,responsibility__learners,1,0,"Học viện BAAI, Đại học Thanh Hoa, công ty công nghệ Zhipu.AI và Xiaoice","Responsibility is assigned to academies/institutions (học viện), not learners (học viên).",Same-field code correction only; upstream extraction unchanged
VNE25_004,DOC_0434,responsibility__learners,1,0,Học viện Hàng không Việt Nam,"Responsibility is assigned to academies/institutions (học viện), not learners (học viên).",Same-field code correction only; upstream extraction unchanged
TNI25_005,DOC_0448,responsibility__learners,1,0,"Học viện Alibaba Cloud, ĐH Duy Tân","Responsibility is assigned to academies/institutions (học viện), not learners (học viên).",Same-field code correction only; upstream extraction unchanged
GDN25_019,DOC_0619,responsibility__learners,1,0,Học viện Phòng không - Không quân,"Responsibility is assigned to academies/institutions (học viện), not learners (học viên).",Same-field code correction only; upstream extraction unchanged
QDN25_007,DOC_0659,responsibility__learners,1,0,"giảng viên, các học viện, nhà trường Quân đội, các đơn vị đào tạo","Responsibility is assigned to academies/institutions (học viện), not learners (học viên).",Same-field code correction only; upstream extraction unchanged
GDN25_013,DOC_0581,responsibility__families,1,0,"Trường Đại học Gia Định (GDU), Khoa Công nghệ thông tin","Gia Định is a university name, not a responsible family.",Same-field code correction only; upstream extraction unchanged
TNI23_004,DOC_0099,responsibility__government,1,0,"sinh viên (phải kiểm tra, đối chiếu nguồn khác và chịu trách nhiệm trước sai sót, nêu rõ việc dùng AI), giáo viên và nhà trường (đưa ra quy định, hướng dẫn và điều chỉnh phương pháp đánh giá)","The raw field assigns responsibilities to students, teachers and schools. School rule-setting does not identify government responsibility.",Same-field code correction only; upstream extraction unchanged
