outcome,A_n,A_valid_N,A_percent,B_n,B_valid_N,B_percent,gap_pp,leave_one_out_min_gap_pp,leave_one_out_max_gap_pp,without_giaoduc_net_vn_gap_pp,A_wilson95_low,A_wilson95_high,B_wilson95_low,B_wilson95_high
speaker__government,164,428,38.3177570093458,79,424,18.632075471698112,19.685681537647685,17.500240049930387,21.367924528301888,19.612438634884963,33.83521738750454,43.00813612628551,15.2135150351147,22.613922087691336
speaker__institutions,195,428,45.5607476635514,183,424,43.160377358490564,2.4003703050608394,-2.408026261311882,3.942897200703392,-2.408026261311882,40.90288881740527,50.29758551783495,38.52812376086654,47.91545275463252
speaker__educators_experts,209,428,48.83177570093458,212,424,50.0,-1.1682242990654217,-3.534154898434508,0.13054830287206443,-2.9780564263322873,44.12763760247414,53.55669774890486,45.262200670378796,54.737799329621204
speaker__industry,80,428,18.69158878504673,89,424,20.99056603773585,-2.29897725268912,-4.336802382145699,-0.6143904891465084,-0.6143904891465084,15.282703805076029,22.657483611881332,17.383399614469063,25.11866629609592
speaker__learners,19,428,4.4392523364485985,48,424,11.320754716981131,-6.881502380532533,-7.592833225048727,-6.286299714024588,-6.932039983438812,2.860124047939685,6.828954655841557,8.645715825068622,14.690372055684684
speaker__families,7,428,1.6355140186915889,6,424,1.4150943396226414,0.22041967906894744,-0.15564849579392614,0.4657834033240671,0.4657834033240671,0.7944520039866164,3.337031543104242,0.6501214094514629,3.0525255627142687
speaker__civil_society,51,428,11.91588785046729,57,424,13.443396226415095,-1.5275083759478054,-2.999531996650081,-0.6825373463831053,-1.2176908972614893,9.180333281884312,15.328999173071292,10.522707171868845,17.02054661786751
speaker__media,36,428,8.411214953271028,67,424,15.80188679245283,-7.3906718391818025,-8.591855444490449,-6.415283469441906,-8.591855444490449,6.137357187148514,11.424981321944106,12.639021905494285,19.578860672001014
speaker__ai_voice,0,428,0.0,1,424,0.2358490566037736,-0.2358490566037736,-0.31545741324921134,0.0,-0.2358490566037736,0.0,0.8895530390214679,0.041645288820861284,1.3236872894653977
speaker__institutional_document,1,428,0.2336448598130841,0,424,0.0,0.2336448598130841,0.0,0.31347962382445144,0.31347962382445144,0.04125596805913626,1.31143000068653,0.0,0.8978696995103644
technology_object__generative,147,433,33.94919168591224,186,438,42.465753424657535,-8.516561738745295,-10.166011822590349,-6.663284288855067,-6.663284288855067,29.647512652002266,38.53316315307192,37.921890034424756,47.14062533564517
technology_object__robotics,29,433,6.697459584295612,27,438,6.164383561643835,0.5330760226517768,-0.5752676884316603,1.3403167271527554,1.243023845763572,4.703359217464877,9.453140256656134,4.270787792486138,8.820210724284344
technology_object__monitoring,10,433,2.3094688221709005,23,438,5.251141552511416,-2.9416727303405152,-3.707931675968206,-2.3297064355610586,-3.707931675968206,1.2592011173567477,4.198490303475194,3.5242872949544375,7.756107024248762
technology_object__educational_platforms,105,433,24.249422632794456,70,438,15.981735159817351,8.267687472977105,5.623203111787586,10.049192675234195,5.623203111787586,20.450382279240177,28.501349408037118,12.847966088064766,19.707027552553992
technology_object__technical,33,433,7.621247113163972,24,438,5.47945205479452,2.1417950583694516,1.0020294266869616,3.2398038141948993,1.0020294266869616,5.477960993635665,10.509866491704098,3.7095035065806345,8.023541862014385
technology_object__digital_ecosystem,32,433,7.390300230946882,13,438,2.9680365296803655,4.422263701266516,3.5482541971366772,5.070712602080903,3.822086927109758,5.283277647281872,10.246717835253207,1.742596429671842,5.011287395613155
technology_object__general,164,433,37.87528868360277,172,438,39.269406392694066,-1.3941177090912973,-3.5360730593607315,1.2086220169361042,-0.9978014544224578,33.43186584744704,42.53195400530683,34.808240007563704,43.917160671020724
education_context__school,240,433,55.42725173210162,206,438,47.03196347031963,8.395288261781985,6.94813603216793,9.891537446387332,7.597666159309995,50.718244752166854,60.040807313743315,42.403782667060284,51.71175369084604
education_context__higher,173,433,39.953810623556585,200,438,45.662100456621005,-5.70828983306442,-9.45095128120532,-3.084164059987721,-4.612717740571625,35.44818227126411,44.636125606731966,41.05510568197298,50.344524379582424
education_context__professional,44,433,10.161662817551964,19,438,4.337899543378995,5.823763274172968,4.995433789954339,7.031609500548653,5.230001691188907,7.6570692682357775,13.366910247955555,2.7944155266502584,6.6753745949856595
education_context__informal,20,433,4.618937644341801,13,438,2.9680365296803655,1.6509011146614356,1.0443091493319803,2.3652968036529676,1.0443091493319803,3.0096714083662746,7.026340040512548,1.742596429671842,5.011287395613155
education_context__instruction,237,433,54.73441108545035,256,438,58.44748858447488,-3.7130774990245357,-4.716145300892791,-1.682701214014891,-3.2005750042279715,50.02491876288919,59.360637294606924,53.77834209177534,62.969746735722
education_context__assessment,82,433,18.937644341801384,96,438,21.91780821917808,-2.9801638773766967,-4.504872895794996,-1.8560798241163532,-1.8560798241163532,15.526492257266971,22.8951033655025,18.296888046562202,26.027032878243883
education_context__management,62,433,14.318706697459584,36,438,8.219178082191782,6.099528615267802,5.182883773478322,6.723769988598825,6.286994757314391,11.332935547075296,17.93202001960042,5.99582218890145,11.169035772395414
education_context__research,59,433,13.625866050808314,51,438,11.643835616438356,1.9820304343699586,1.2427623217059747,2.316342241284504,1.9364112971418912,10.712800530781571,17.178659027480077,8.968019292251885,14.986604409922288
education_context__general,14,433,3.233256351039261,12,438,2.73972602739726,0.493530323642001,0.03805175038051756,1.4475420653249753,0.03805175038051756,1.9355821415617067,5.353437290488988,1.574055429431858,4.727177346461318
future_role__augmentation,253,430,58.83720930232558,225,434,51.84331797235023,6.993891329975355,5.166027822042295,8.987359452475737,5.166027822042295,54.12744589280152,63.390474180256916,47.146918407572926,56.50737235856313
future_role__operations,103,430,23.953488372093023,76,434,17.51152073732719,6.441967634765835,5.069124423963135,8.033650602236673,8.033650602236673,20.161381946425454,28.206853627718047,14.225183942117441,21.367941304734682
future_role__literacy,133,430,30.930232558139537,82,434,18.89400921658986,12.036223341549675,10.07795340023257,13.804850295142593,10.07795340023257,26.746521862536472,35.451650611390036,15.490055679467229,22.843787641986935
future_role__talent,49,430,11.395348837209303,47,434,10.829493087557603,0.5658557496516998,-0.9169634751030085,1.539579606440073,-0.23759277603112317,8.727675144018876,14.746674010515248,8.242196515161604,14.10412470444734
future_role__access,24,430,5.5813953488372094,13,434,2.9953917050691246,2.586003643768085,2.067899434171382,3.6946028960070207,2.612084930444894,3.779043272891823,8.170358465156477,1.7587323627893763,5.056853100741356
future_role__transformation,90,430,20.930232558139537,85,434,19.5852534562212,1.3449791019183372,0.4147465437788007,2.748414376321353,2.2216001263333176,17.350961878532996,25.024301039037883,16.125282689598553,23.578919669156633
future_role__harm,50,430,11.627906976744185,82,434,18.89400921658986,-7.266102239845676,-9.473010454448474,-5.80989706705715,-5.80989706705715,8.93218457906697,15.003162472126586,15.490055679467229,22.843787641986935
future_role__knowledge,75,430,17.441860465116278,72,434,16.589861751152075,0.8519987139642033,-0.6174387262583849,2.1601382488479253,0.544094635140759,14.147782948285931,21.31251151939345,13.386342208546253,20.379637655237847
future_role__governed_use,91,430,21.162790697674417,99,434,22.8110599078341,-1.6482692101596825,-3.389638969844764,-0.45883092394720393,-3.184891683535035,17.566089496321567,25.27017131790874,19.111944652627493,26.98726654686578
future_role__human_limits,43,430,10.0,52,434,11.981566820276498,-1.9815668202764982,-3.0434782608695645,-0.6699751861042191,-2.6357724277531336,7.509094936931931,13.199266837645595,9.255074049547988,15.375178898895985
certainty__asserted,231,431,53.596287703016245,233,436,53.440366972477065,0.15592073053917943,-2.198130947632343,2.1746062895550224,-2.198130947632343,48.877071152535464,58.25196389487538,48.74857463781664,58.07206479904685
certainty__possible,154,431,35.730858468677496,199,436,45.642201834862384,-9.911343366184887,-12.412388170266112,-8.691297442097529,-12.412388170266112,31.351075924725748,40.36275275812788,41.02516455616188,50.335358823811006
certainty__normative,153,431,35.498839907192576,131,436,30.045871559633028,5.452968347559548,2.841828975126333,6.693787807763563,3.805060117385608,31.12759766964832,40.12629326821106,25.932113200082675,34.50817806610902
certainty__aspirational,166,431,38.51508120649652,107,436,24.541284403669724,13.973796802826794,12.104678329249527,15.717153745356622,12.104678329249527,34.04156129538839,43.19152032739624,20.735850567159115,28.791417600050973
certainty__current,96,431,22.273781902552205,82,436,18.807339449541285,3.46644245301092,1.6677212964915995,4.742917705021341,3.863468003874864,18.600276987352938,26.437162485834204,15.417693686652187,22.741842085785404
certainty__limitation,22,431,5.104408352668213,25,436,5.73394495412844,-0.6295366014602273,-1.8652886170287566,0.014587993386776077,-0.7650008547495588,3.39473610757842,7.6073102360342375,3.9137016728024587,8.327404239553825
desirability__positive,395,429,92.07459207459208,369,433,85.21939953810623,6.855192536485845,5.093100461893769,8.689976689976689,5.093100461893769,89.12906845861468,94.27329345550717,81.56717196353202,88.25220846418287
desirability__negative,147,429,34.26573426573427,180,433,41.570438799076214,-7.304704533341948,-9.11888111888112,-5.5489334227321265,-5.945438799076214,29.932144716645887,38.878606368100805,37.02234566970762,46.26678622792128
desirability__ambivalent,113,429,26.34032634032634,116,433,26.78983833718245,-0.4495119968561099,-1.3352928826369954,0.8983337058283034,-0.8523383371824487,22.395368452166274,30.705242438230602,22.835977534008244,31.151906184120616
affected_entities__learners,407,432,94.21296296296296,385,438,87.89954337899543,6.31341958396753,5.122053872053868,6.989375739375745,5.598908633388476,91.5967724600154,96.04977705219045,84.51128875495152,90.62878544409068
affected_entities__educators,257,432,59.49074074074074,198,438,45.205479452054796,14.285261288685945,12.689257390050464,16.633597883597886,12.689257390050464,54.79755468424516,64.01662610109746,40.6063251727911,49.88800278998067
affected_entities__institutions,281,432,65.04629629629629,205,438,46.80365296803653,18.24264332825976,16.044644245585758,19.9489243515511,16.044644245585758,60.43518380246837,69.39217597917235,42.17876048529571,51.4841248232188
affected_entities__families,52,432,12.037037037037036,38,438,8.67579908675799,3.3612379502790457,2.2050299287860504,4.425805191316876,3.70810184203458,9.298492864548521,15.444783994080996,6.38600670310237,11.684153356978136
affected_entities__workforce,75,432,17.36111111111111,48,438,10.95890410958904,6.40220700152207,4.563492063492063,7.825028636884307,6.068959667500744,14.081144403005782,21.216428993742767,8.365938076391535,14.230732477607177
affected_entities__society,69,432,15.972222222222221,81,438,18.493150684931507,-2.5209284627092856,-3.883578896518408,-1.6748366013071916,-2.084481954281351,12.819725151803032,19.724553495870985,15.136655199603965,22.397499984324813
affected_entities__knowledge,24,432,5.555555555555555,29,438,6.621004566210046,-1.0654490106544907,-1.6636957813428408,-0.5869505869505875,-0.7386516250335751,3.7614150173195178,8.133153012295532,4.649205845075461,9.34709477047866
rationale__learning_quality,320,426,75.11737089201878,291,434,67.05069124423963,8.066679647779154,6.848679824942764,9.112408112862454,6.848679824942764,70.79966756181338,78.98613034309946,62.49590122019241,71.30628836656606
rationale__efficiency,113,426,26.525821596244132,124,434,28.571428571428573,-2.045606975184441,-4.043126684636121,-0.584152828308298,-4.043126684636121,22.556884142116974,30.91433276917941,24.523787026518566,32.99508281714986
rationale__workforce,97,426,22.769953051643192,63,434,14.516129032258064,8.253824019385128,6.5537368354269745,9.473769957640926,7.496449584094137,19.041528612485685,26.985083004618133,11.5132283986706,18.141674353210448
rationale__modernization,146,426,34.27230046948357,87,434,20.046082949308754,14.226217520174814,12.343854157609485,15.538332635106833,12.343854157609485,29.92382486194919,38.90189046861939,16.54975012489668,24.068024925392518
rationale__equity,77,426,18.07511737089202,56,434,12.903225806451612,5.171891564440408,4.2323240656711505,6.215279095959405,5.0213024954351795,14.711426263504517,22.009428735858577,10.07180268258179,16.38559564893021
rationale__protection,209,426,49.06103286384977,233,434,53.68663594470046,-4.625603080850695,-6.831290032750779,-1.5127229012222045,-6.831290032750779,44.34348616420035,53.79536251225149,48.983543981452215,58.32503755081988
rationale__national,65,426,15.258215962441314,33,434,7.6036866359447,7.654529326496614,6.20705505203484,8.500209467951404,8.11958380430687,12.155210521144353,18.982190507574312,5.465218416648629,10.48609396222223
rationale__practical,87,426,20.422535211267604,89,434,20.506912442396313,-0.08437723112870898,-1.0100570964843634,0.9577340222501505,-1.0100570964843634,16.866668008131555,24.507065300101903,16.974980237399855,24.556367504423356
rationale__institutional_effectiveness,42,426,9.859154929577464,20,434,4.608294930875576,5.2508599987018885,4.754049824472359,6.022837794027592,5.45459815088543,7.376932101041961,13.058848817274871,3.0026910952706256,7.010398788629151
timespan__current,62,341,18.181818181818183,49,329,14.893617021276595,3.288201160541588,2.2903453136011294,4.6982197134172825,4.6982197134172825,14.450043799668238,22.6224878088839,11.452577058156182,19.145011109355544
timespan__near,81,341,23.75366568914956,86,329,26.13981762917933,-2.3861519400297695,-3.690838037342594,-1.1398176291793298,-3.690838037342594,19.544813358429323,28.54727492696622,21.686695483599607,31.143699937609654
timespan__dated,145,341,42.52199413489736,104,329,31.61094224924012,10.91105188565724,8.773673135375265,14.569238229385551,8.797221016066,37.38672944264111,47.82386554370064,26.823602945893526,36.82275276089833
timespan__long,32,341,9.3841642228739,26,329,7.90273556231003,1.4814286605638705,-0.5557967867998261,2.285398790775135,-0.5557967867998261,6.725752624147504,12.947478968336096,5.449867517505511,11.3273269517618
timespan__unspecified_future,81,341,23.75366568914956,119,329,36.170212765957444,-12.416547076807884,-15.222712263606343,-10.741107830014204,-12.496743378202343,19.544813358429323,28.54727492696622,31.165377299228243,41.494278645549116
timespan__era,134,341,39.29618768328446,105,329,31.914893617021278,7.38129406626318,0.7381676074685188,8.951360097077561,0.7381676074685188,34.25913150400353,44.57172014311309,27.111413613105196,37.135828776219036
timespan__event_relative,21,341,6.158357771260997,24,329,7.2948328267477205,-1.1364750554867236,-2.7563709109095456,0.2528459602373747,-0.7642205818497612,4.062887044490171,9.230601208768302,4.950807155685033,10.624613948517544
space__institutional,248,411,60.34063260340633,242,396,61.111111111111114,-0.7704785077047873,-6.713716974303296,2.1744434916584794,-6.713716974303296,55.53646343515395,64.95329191418769,56.22482948051603,65.7838937418207
space__subnational,150,411,36.496350364963504,139,396,35.101010101010104,1.3953402639534005,-1.876254400684374,6.163017031630172,-1.876254400684374,31.987040829401163,41.25574924381154,30.56371719680649,39.924585755060185
space__national,297,411,72.26277372262774,255,396,64.39393939393939,7.868834328688351,3.929440389294413,9.237563638594125,8.895962886190901,67.74348951814991,76.36974846925617,59.56020182544941,68.9510987125777
space__international,32,411,7.785888077858881,36,396,9.090909090909092,-1.3050210130502107,-2.407740774077409,-0.23703455824427078,-0.2961208172934562,5.568873960301336,10.784713025327571,6.638854382508493,12.329028298888153
space__digital,6,411,1.4598540145985401,7,396,1.7676767676767677,-0.3078227530782276,-0.961225154773542,0.18672062646004006,0.18672062646004006,0.6707364137861734,3.1479414169513853,0.8588431032256649,3.6032901816308693
action__adoption,311,431,72.15777262180974,281,426,65.96244131455398,6.195331307255756,4.316196456343846,10.595272621809741,4.316196456343846,67.74463058460688,76.17942406234395,61.338098186459874,70.30147431385856
action__training,288,431,66.82134570765662,238,426,55.86854460093897,10.95280110671765,7.289350135903135,12.78430513999367,7.289350135903135,62.244675018030435,71.10081149405268,51.121711312833064,60.51048445934283
action__development,162,431,37.58700696055684,110,426,25.821596244131456,11.765410716425386,10.091716449366999,13.077203038988213,10.091716449366999,33.142959651328894,42.25037099147874,21.894669279570437,30.18068413906485
action__investment,85,431,19.721577726218097,48,426,11.267605633802816,8.453972092415281,4.831465573627526,9.457782967233452,4.831465573627526,16.239670088542667,23.738454189707728,8.604606892937255,14.622901010701794
action__governance,210,431,48.72389791183295,217,426,50.93896713615023,-2.2150692243172827,-6.27610208816705,-0.3119147603433561,-3.2609485602988357,44.037178006044265,53.433164396487356,46.20463748774849,55.656513835799636
action__pedagogy,133,431,30.858468677494198,116,426,27.230046948356808,3.62842172913739,2.108468677494198,5.412440098275319,3.1105103271849863,26.68278113250252,35.37235490547186,23.220444167053255,31.646636236904236
action__collaboration,82,431,19.02552204176334,50,426,11.737089201877934,7.288432839885408,6.077863639559485,8.262910798122066,6.219567144871293,15.599882629037056,22.998428414230585,9.0171582126414,15.140925352771722
action__restriction,10,431,2.320185614849188,23,426,5.39906103286385,-3.078875418014662,-4.242314385150812,-2.0875278837734017,-2.922280847105336,1.2650663937611577,4.217727009920503,3.624302483540494,7.9710096479226555
responsibility__government,200,394,50.76142131979695,104,361,28.808864265927976,21.952557053868976,19.45502462296091,24.863452118252813,19.45502462296091,45.84144891812536,55.66668952923142,24.379641595360347,33.68433487963951
responsibility__institutions,219,394,55.58375634517766,182,361,50.41551246537396,5.168243879803704,0.6261542012927066,7.494092054400056,0.6261542012927066,50.64709186834083,60.41259007894225,45.28073822029335,55.541536750785085
responsibility__educators_experts,151,394,38.3248730964467,142,361,39.335180055401665,-1.0103069589549634,-4.265735610957222,1.233964005537608,-4.265735610957222,33.65890993955404,43.21630053430858,34.43370617661543,44.46123623237143
responsibility__industry,86,394,21.82741116751269,74,361,20.498614958448755,1.3287962090639347,-1.7233134701684705,2.9796459111164637,1.7236072637734665,18.031311298389422,26.167566149409527,16.655269719684625,24.96320733374655
responsibility__learners,58,394,14.720812182741117,84,361,23.26869806094183,-8.547885878200713,-9.99186190274974,-6.6559994114617815,-9.37980917205294,11.563221320018366,18.559697285783923,19.205238482236528,27.895071711717534
responsibility__families,19,394,4.822335025380711,13,361,3.601108033240997,1.2212269921397136,0.1121900978444792,1.890738934175499,0.9127808556478922,3.108658111642598,7.408460678521485,2.1163814836787602,6.062913412562756
responsibility__civil_society,42,394,10.65989847715736,42,361,11.634349030470915,-0.9744505533135541,-2.1105395066613912,0.1712065250846404,0.1712065250846404,7.983613697734121,14.09589985549865,8.723501860497946,15.353109143259966
responsibility__media,5,394,1.2690355329949239,4,361,1.10803324099723,0.1610022919976939,-0.26057561387858597,0.6280778701138812,0.6280778701138812,0.5432412922882944,2.935898076877458,0.43171283738814537,2.813932232382765
